﻿<?xml version="1.0" encoding="utf-8"?>
<Project Name="CE215119_BLE_Battery_Level" StarterProject="true" WorkspaceName="CE215119.cywrk">
  <Version>1.0</Version>
  <Keyword>BLE</Keyword>
  <Keyword>BAS</Keyword>
  <Keyword>DIS</Keyword>
  <Keyword>Battery Service</Keyword>
  <Description>This code example demonstrates simulations of the battery voltage using PSoC6A BLE's and notifies the BLE central device of any change in the battery voltage.</Description>
  <ShortDescription>Shows how to use the Battery Service with the BLE component.</ShortDescription>
  <DeviceFilter>PSoC 63</DeviceFilter>
  <Document>CE215119.pdf</Document>
  <MinToolVersion>4.2</MinToolVersion> 
</Project>